<ImportExportXml xmlns:xsi="http://www.w3.org/2001/XMLSchema-instance">
  <Entities>
    <Entity>
      <Name LocalizedName="Case" OriginalName="Case">Incident</Name>
      <ObjectTypeCode>112</ObjectTypeCode>
      <FormXml>
        <forms type="main">
          <systemform>
            <formid>{4a63c8d1-6c1e-48ec-9db4-3e6c7155334c}</formid>
            <IntroducedVersion>5.0.0.0</IntroducedVersion>
            <FormPresentation>1</FormPresentation>
            <FormActivationState>1</FormActivationState>
            <form enablerelatedinformation="false" shownavigationbar="true" hasmargin="false" relatedInformationCollapsed="false" showImage="false" maxWidth="1900">
              <ancestor id="{4a63c8d1-6c1e-48ec-9db4-3e6c7155334c}" />
              <tabs showlabels="true">
                <tab name="general" verticallayout="true" id="{564b9a08-4626-46f5-8bd8-3d31e17a8873}" IsUserDefined="0">
                  <labels>
                    <label description="Summary" languagecode="1033" />
                  </labels>
                  <columns>
                    <column width="30%">
                      <sections>
                        <section name="Details" showlabel="true" labelwidth="102" showbar="false" id="{09d03c8d-5a6b-4a94-b7d9-cfa1b5364015}" IsUserDefined="0" locklevel="0" celllabelposition="Left">
                          <labels>
                            <label description="CASE DETAILS" languagecode="1033" />
                          </labels>
                          <rows>
                            <row>
                              <cell id="{70cc3529-ab81-650b-3bd0-3147ba77667d}" showlabel="true" locklevel="0">
                                <labels>
                                  <label description="Case Title" languagecode="1033" />
                                </labels>
                                <control id="title" classid="{4273EDBD-AC1D-40d3-9FB2-095C621B552D}" datafieldname="title" disabled="false" />
                              </cell>
                            </row>
                            <row>
                              <cell id="{b6f69544-6287-4b8a-b60c-3d66f1cac75d}" userspacer="0">
                                <labels>
                                  <label description="Subject" languagecode="1033" />
                                </labels>
                                <control id="subjectid" classid="{270BD3DB-D9AF-4782-9025-509E298DEC0A}" datafieldname="subjectid" />
                              </cell>
                            </row>
                            <row>
                              <cell id="{b579ee22-ced2-44ed-0bb8-8290e9b23164}" showlabel="true" locklevel="0">
                                <labels>
                                  <label description="Customer" languagecode="1033" />
                                </labels>
                                <control id="customerid" classid="{270BD3DB-D9AF-4782-9025-509E298DEC0A}" datafieldname="customerid" disabled="false"></control>
                              </cell>
                            </row>
                            <row>
                              <cell id="{b03cc760-ab70-463c-ba03-6ec64efff698}" showlabel="true" locklevel="0">
                                <labels>
                                  <label description="Type" languagecode="1033" />
                                </labels>
                                <control id="casetypecode" classid="{3EF39988-22BB-4f0b-BBBE-64B5A3748AEE}" datafieldname="casetypecode" disabled="false" />
                              </cell>
                            </row>
                            <row>
                              <cell id="{76d17ce6-ce11-da3c-aeee-e2886e506221}" showlabel="true" locklevel="0">
                                <labels>
                                  <label description="Origin" languagecode="1033" />
                                </labels>
                                <control id="caseorigincode" classid="{3EF39988-22BB-4f0b-BBBE-64B5A3748AEE}" datafieldname="caseorigincode" disabled="false" />
                              </cell>
                            </row>
                            <row>
                              <cell id="{420032d6-21a9-4ca2-95f9-dcf3b9684d78}" showlabel="true" locklevel="0">
                                <labels>
                                  <label description="Follow Up By" languagecode="1033" />
                                </labels>
                                <control id="followupby" classid="{5B773807-9FB2-42db-97C3-7A91EFF8ADFF}" datafieldname="followupby" disabled="false" />
                              </cell>
                            </row>
                          </rows>
                        </section>
                        <section id="{2335806E-F713-402F-A9BD-6BEEEC6B8645}" columns="1" showlabel="true" showbar="false" IsUserDefined="0" locklevel="0">
                          <labels>
                            <label description="DESCRIPTION" languagecode="1033" />
                          </labels>
                          <rows>
                            <row>
                              <cell id="{2D8C61A2-7CFC-4DD8-A8AF-2CB82760E559}" showlabel="false" locklevel="0" rowspan="3">
                                <labels>
                                  <label description="Description" languagecode="1033" />
                                </labels>
                                <control id="description" classid="{E0DECE4B-6FC8-4a8f-A065-082708572369}" datafieldname="description" disabled="false" />
                              </cell>
                            </row>
                            <row></row>
                            <row></row>
                          </rows>
                        </section>
                        <section name="contract and product information" showlabel="true" showbar="true" id="{4f1cbb62-1166-4db3-a0d7-1844cea74945}" IsUserDefined="0" locklevel="0">
                          <labels>
                            <label description="CONTRACT AND PRODUCT INFORMATION" languagecode="1033" />
                          </labels>
                          <rows>
                            <row>
                              <cell id="{e41a12bc-599d-46be-85ca-e2c681350078}">
                                <labels>
                                  <label description="Contract" languagecode="1033" />
                                </labels>
                                <events>
                                  <event name="onclick" application="true" active="true">
                                    <InternalHandlers>
                                      <Handler functionName="Mscrm.contractid_onclick" libraryName="Incident_main_system_library.js" handlerUniqueId="cb1cce9a-6ca5-4474-8817-b60c6af43f1d" enabled="true">
                                        <dependencies>
                                          <dependency id="customerid" />
                                        </dependencies>
                                      </Handler>
                                    </InternalHandlers>
                                  </event>
                                  <event name="setadditionalparams" application="true" active="true">
                                    <InternalHandlers>
                                      <Handler functionName="Mscrm.contractid_setadditionalparams" libraryName="Incident_main_system_library.js" handlerUniqueId="eebc0919-9ffa-4a7b-9b25-b2763a35ded1" enabled="true" passExecutionContext="true">
                                        <dependencies>
                                          <dependency id="customerid" />
                                        </dependencies>
                                      </Handler>
                                    </InternalHandlers>
                                  </event>
                                </events>
                                <control id="contractid" classid="{270BD3DB-D9AF-4782-9025-509E298DEC0A}" datafieldname="contractid">
                                  <parameters>
                                    <IsInlineNewEnabled>false</IsInlineNewEnabled>
                                    <DefaultViewId>{646DE3EE-EBFB-4d19-8A44-4A619505E188}</DefaultViewId>
                                  </parameters>
                                </control>
                              </cell>
                            </row>
                            <row>
                              <cell id="{a0d5255c-e331-4297-a8f8-805e03921086}">
                                <labels>
                                  <label description="Contract Line" languagecode="1033" />
                                </labels>
                                <events>
                                  <event name="onclick" application="true" active="true">
                                    <InternalHandlers>
                                      <Handler functionName="Mscrm.contractdetailid_onclick" libraryName="Incident_main_system_library.js" handlerUniqueId="069c3411-c466-496c-ab3e-15dc59afa9a1" enabled="true">
                                        <dependencies>
                                          <dependency id="contractid" />
                                        </dependencies>
                                      </Handler>
                                    </InternalHandlers>
                                  </event>
                                </events>
                                <control id="contractdetailid" classid="{270BD3DB-D9AF-4782-9025-509E298DEC0A}" datafieldname="contractdetailid">
                                  <parameters>
                                    <FilterRelationshipName>contract_line_items</FilterRelationshipName>
                                    <DependentAttributeName>incident.contractid</DependentAttributeName>
                                    <DependentAttributeType>contract</DependentAttributeType>
                                    <DefaultViewId>{8FA2705C-7E4C-4c0e-B611-4593B35A4C9E}</DefaultViewId>
                                    <IsInlineNewEnabled>false</IsInlineNewEnabled>
                                    <AllowFilterOff>true</AllowFilterOff>
                                  </parameters>
                                </control>
                              </cell>
                            </row>
                            <row>
                              <cell auto="false" showlabel="true" locklevel="0" rowspan="1" id="{38c827d3-0697-4d12-8731-bff9ee5bdce8}">
                                <labels>
                                  <label description="Product" languagecode="1033" />
                                </labels>
                                <control id="productid" classid="{270BD3DB-D9AF-4782-9025-509E298DEC0A}" datafieldname="productid" disabled="false">
                                  <parameters>
                                    <FilterRelationshipName>product_contract_line_items</FilterRelationshipName>
                                    <DependentAttributeName>incident.contractdetailid</DependentAttributeName>
                                    <DependentAttributeType>contractdetail</DependentAttributeType>
                                    <DefaultViewId>{A066D18A-8A4A-44EE-B78E-9A870DC799DD}</DefaultViewId>
                                    <IsInlineNewEnabled>false</IsInlineNewEnabled>
                                  </parameters>
                                </control>
                              </cell>
                            </row>
                            <row>
                              <cell auto="false" showlabel="true" locklevel="0" rowspan="1" id="{7d716e7b-bccd-4984-afce-02c47a9753c4}">
                                <labels>
                                  <label description="Serial Number" languagecode="1033" />
                                </labels>
                                <control id="productserialnumber" classid="{4273EDBD-AC1D-40d3-9FB2-095C621B552D}" datafieldname="productserialnumber" disabled="false" />
                              </cell>
                            </row>
                            <row>
                              <cell auto="false" showlabel="true" locklevel="0" rowspan="1" colspan="1" id="{b5aed07b-ae04-485a-a45a-17b5261fa8a7}">
                                <labels>
                                  <label description="Service Level" languagecode="1033" />
                                </labels>
                                <control id="contractservicelevelcode" classid="{3EF39988-22BB-4f0b-BBBE-64B5A3748AEE}" datafieldname="contractservicelevelcode" disabled="false" />
                              </cell>
                            </row>
                          </rows>
                        </section>
                        <section name="kb article" labelwidth="160" showlabel="true" showbar="true" locklevel="1" id="{a378242d-e37f-4266-bfc0-4e7aba62c33b}" IsUserDefined="0">
                          <labels>
                            <label description="KB ARTICLES" languagecode="1033" />
                          </labels>
                          <rows>
                            <row>
                              <cell colspan="2" id="{576eeaa8-20ce-455f-946c-ca146d072da4}">
                                <labels>
                                  <label description="Knowledge Base Article" languagecode="1033" />
                                </labels>
                                <events>
                                  <event name="onshowdialog" application="true" active="true">
                                    <InternalHandlers>
                                      <Handler functionName="Mscrm.kbarticleid_onshowdialog" libraryName="Incident_main_system_library.js" handlerUniqueId="dd2e17cf-80ec-4539-9776-c75ff6c5ad16" enabled="true" passExecutionContext="true" />
                                    </InternalHandlers>
                                  </event>
                                </events>
                                <control id="kbarticleid" classid="{270BD3DB-D9AF-4782-9025-509E298DEC0A}" datafieldname="kbarticleid">
                                  <parameters>
                                    <IsInlineNewEnabled>false</IsInlineNewEnabled>
                                  </parameters>
                                </control>
                              </cell>
                            </row>
                            <row>
                              <cell colspan="2" showlabel="false" rowspan="2" id="{e8536a7b-ab85-42bf-a772-ef53b8854268}">
                                <labels>
                                  <label description="KB Viewer" languagecode="1033" />
                                </labels>
                                <control id="kbviewer" classid="{a62b6fa9-169e-406c-b1aa-eab828cb6026}" />
                              </cell>
                            </row>
                            <row height="auto"></row>
                          </rows>
                        </section>
                        <section name="Solutions" showlabel="true" showbar="false" id="{967326b5-a0c3-41e5-9655-ad358e9e6a33}" IsUserDefined="0" layout="varwidth" labelwidth="102" celllabelposition="Left">
                          <labels>
                            <label description="SIMILAR CASES" languagecode="1033" />
                          </labels>
                          <rows>
                            <row>
                              <cell id="{75bc5581-dde6-d9e8-a877-5a28e96246ee}" showlabel="false" colspan="1" auto="false" rowspan="7">
                                <labels>
                                  <label description="Connections" languagecode="1033" />
                                </labels>
                                <control id="RelatedSolutionGrid" classid="{E7A81278-8635-4d9e-8D4D-59480B391C5B}">
                                  <parameters>
                                    <ViewId>{23FB1036-E41D-4D75-8AA7-27569B5B6512}</ViewId>
                                    <RelationshipName>incident_connections1</RelationshipName>
                                    <TargetEntityType>connection</TargetEntityType>
                                    <AutoExpand>Auto</AutoExpand>
                                    <EnableQuickFind>false</EnableQuickFind>
                                    <EnableViewPicker>false</EnableViewPicker>
                                    <EnableJumpBar>false</EnableJumpBar>
                                    <ChartGridMode>Grid</ChartGridMode>
                                    <EnableChartPicker>false</EnableChartPicker>
                                    <RecordsPerPage>5</RecordsPerPage>
                                    <EnableContextualActions>true</EnableContextualActions>
                                  </parameters>
                                </control>
                              </cell>
                            </row>
                            <row></row>
                            <row></row>
                            <row></row>
                            <row></row>
                            <row></row>
                            <row></row>
                          </rows>
                        </section>
                        <section name="Research" showlabel="false" showbar="false" id="{e6031605-b0d3-42e6-a666-ae358e9e0a0e}" IsUserDefined="0" layout="varwidth" labelwidth="102" celllabelposition="Left">
                          <labels>
                            <label description="RESEARCH" languagecode="1033" />
                          </labels>
                          <rows>
                            <row>
                              <cell id="{a5be55d1-d0e1-d9e8-a877-5a28e00006ee}" showlabel="false" colspan="1" auto="false" rowspan="1" locklevel="1">
                                <labels>
                                  <label description="" languagecode="1033" />
                                </labels>
                                <control id="CaseResearch_LinkControl" classid="{DFDF1CDE-837B-4AC9-98CF-AC74361FD89D}">
                                  <parameters>
                                    <LinkControlDefinitionId>{0F337699-D595-48D9-B733-6479E5F5EB07}</LinkControlDefinitionId>
                                    <ShowLinkControlLabel>false</ShowLinkControlLabel>
                                  </parameters>
                                </control>
                              </cell>
                            </row>
                          </rows>
                        </section>
                      </sections>
                    </column>
                    <column width="40%">
                      <sections>
                        <section name="TabsControl" showlabel="false" showbar="false" id="{052a7135-3315-4fd9-91b6-8355cef8bb09}" IsUserDefined="0" locklevel="0">
                          <labels>
                            <label description="TABS CONTROL" languagecode="1033" />
                          </labels>
                          <rows>
                            <row>
                              <cell id="{423a4d0c-b9d2-492f-b070-e446e4ea16c7}" colspan="2" rowspan="25" showlabel="false" locklevel="0">
                                <labels>
                                  <label description="Conversation Tabs" languagecode="1033" />
                                </labels>
                                <control id="notescontrol" classid="{06375649-C143-495E-A496-C962E5B4488E}" disabled="false">
                                  <parameters>
                                    <DefaultTabId>ActivitiesTab</DefaultTabId>
                                  </parameters>
                                </control>
                              </cell>
                            </row>
                            <row></row>
                            <row></row>
                            <row></row>
                            <row></row>
                            <row></row>
                            <row></row>
                            <row></row>
                            <row></row>
                            <row></row>
                            <row></row>
                            <row></row>
                            <row></row>
                            <row></row>
                            <row></row>
                            <row></row>
                            <row></row>
                            <row></row>
                            <row></row>
                            <row></row>
                            <row></row>
                            <row></row>
                            <row></row>
                            <row></row>
                            <row></row>
                          </rows>
                        </section>
                      </sections>
                    </column>
                    <column width="30%">
                      <sections>
                        <section name="Customer" showlabel="false" labelwidth="90" showbar="false" id="{e493f95f-d913-4063-a929-e86a5d7b01a5}" IsUserDefined="0" locklevel="0">
                          <labels>
                            <label description="CUSTOMER DETAILS" languagecode="1033" />
                          </labels>
                          <rows>
                            <row>
                              <cell id="{eafbc418-2de0-485f-9f9a-590f97e0389d}" colspan="2" showlabel="false" locklevel="1">
                                <labels>
                                  <label description="Customer" languagecode="1033" />
                                </labels>
                                <control id="customerpane_qfc" classid="{5C5600E0-1D6E-4205-A272-BE80DA87FD42}" datafieldname="customerid" disabled="false">
                                  <parameters>
                                    <QuickForms>&lt;QuickFormIds&gt;&lt;QuickFormId entityname="contact"&gt;707FC57B-C5E6-471B-A180-E37ED28A38E2&lt;/QuickFormId&gt;&lt;QuickFormId entityname="account"&gt;B028DB32-3619-48A5-AC51-CF3F947B0EF3&lt;/QuickFormId&gt;&lt;/QuickFormIds&gt;</QuickForms>
                                    <ControlMode>Edit</ControlMode>
                                  </parameters>
                                </control>
                              </cell>
                            </row>
                          </rows>
                        </section>
                      </sections>
                    </column>
                  </columns>
                </tab>
              </tabs>
              <header id="{CF9CD80E-17E4-438D-9705-5575B9BDF2D1}" celllabelposition="Top" columns="1111" labelwidth="115">
                <rows>
                  <row>
                    <cell id="{58a799a6-a483-30da-d32d-12c15ba0daa0}" showlabel="true">
                      <labels>
                        <label description="Priority" languagecode="1033" />
                      </labels>
                      <control id="header_prioritycode" classid="{3EF39988-22BB-4f0b-BBBE-64B5A3748AEE}" datafieldname="prioritycode" disabled="false" />
                    </cell>
                    <cell id="{67c9b29b-c1b2-aa8e-6b95-5d295b76e224}" showlabel="true">
                      <labels>
                        <label description="Created On" languagecode="1033" />
                      </labels>
                      <control id="header_createdon" classid="{5B773807-9FB2-42db-97C3-7A91EFF8ADFF}" datafieldname="createdon" disabled="true" />
                    </cell>
                    <cell id="{53dd311c-6ec7-4cde-b299-d39fe21c3dcf}">
                      <labels>
                        <label description="Status" languagecode="1033" />
                      </labels>
                      <control id="header_statuscode" classid="{3EF39988-22BB-4f0b-BBBE-64B5A3748AEE}" datafieldname="statuscode" disabled="false" />
                    </cell>
                    <cell id="{d2c3b79d-4172-4f15-aa40-e69aa7bd2ab6}">
                      <labels>
                        <label description="Owner" languagecode="1033" />
                      </labels>
                      <control id="header_ownerid" classid="{270BD3DB-D9AF-4782-9025-509E298DEC0A}" datafieldname="ownerid" disabled="false" />
                    </cell>
                  </row>
                </rows>
              </header>
              <events>
                <event name="onload" application="true" active="true">
                  <InternalHandlers>
                    <Handler functionName="Mscrm.Form_onload" libraryName="Incident_main_system_library.js" handlerUniqueId="76e18454-eeba-47c3-8a9d-6d701c77fbcc" enabled="true">
                      <dependencies>
                        <dependency id="contractid" />
                        <dependency id="contractdetailid" />
                      </dependencies>
                    </Handler>
                  </InternalHandlers>
                  <Handlers>
                    <Handler functionName="k2OnFormLoad" libraryName="k2_K2.Demo.CRM.K2Forms2013" handlerUniqueId="{272d06e4-9585-7790-d024-120b9d1dda72}" enabled="true" parameters="" passExecutionContext="false" />
                  </Handlers>
                </event>
                <event name="onchange" application="true" active="true" attribute="customerid">
                  <InternalHandlers>
                    <Handler functionName="Mscrm.customerid_onchange" libraryName="Incident_main_system_library.js" handlerUniqueId="5349bfe7-817f-4c54-ae0f-f65df037361b" enabled="true">
                      <dependencies>
                        <dependency id="contractid" />
                        <dependency id="contractdetailid" />
                      </dependencies>
                    </Handler>
                  </InternalHandlers>
                </event>
                <event name="onchange" application="true" active="true" attribute="contractid">
                  <InternalHandlers>
                    <Handler functionName="Mscrm.contractid_onchange" libraryName="Incident_main_system_library.js" handlerUniqueId="1ff26f3d-f9f4-470b-a379-bc74ce466a53" enabled="true">
                      <dependencies>
                        <dependency id="contractdetailid" />
                      </dependencies>
                    </Handler>
                  </InternalHandlers>
                </event>
                <event name="onchange" application="true" active="true" attribute="contractdetailid">
                  <InternalHandlers>
                    <Handler functionName="Mscrm.contractdetailid_onchange" libraryName="Incident_main_system_library.js" handlerUniqueId="fde679b3-af20-4b24-ab99-13f7de54fbb1" enabled="true">
                      <dependencies>
                        <dependency id="contractid" />
                      </dependencies>
                    </Handler>
                  </InternalHandlers>
                </event>
                <event name="onchange" application="true" active="true" attribute="kbarticleid">
                  <InternalHandlers>
                    <Handler functionName="Mscrm.kbarticleid_onchange" libraryName="Incident_main_system_library.js" handlerUniqueId="1d4f95de-79c3-44e4-a782-469a8fc6132d" enabled="true" />
                  </InternalHandlers>
                </event>
              </events>
              <clientresources>
                <internalresources>
                  <clientincludes>
                    <internaljscriptfile src="$webresource:Incident_main_system_library.js" />
                  </clientincludes>
                </internalresources>
              </clientresources>
              <Navigation>
                <NavBar>
                  <NavBarByRelationshipItem RelationshipName="Incident_ActivityPointers" Id="navActivities" Icon="/_imgs/ico_18_act.gif" Sequence="10" Area="Info">
                    <Privileges>
                      <Privilege Entity="" Privilege="ReadActivity" />
                    </Privileges>
                    <Titles>
                      <Title LCID="1033" Text="Activities" />
                    </Titles>
                  </NavBarByRelationshipItem>
                  <NavBarByRelationshipItem RelationshipName="Incident_ActivityPointers" Id="navActivityHistory" TitleResourceId="Tab_Label_History" Icon="/_imgs/ico_18_history.gif" ViewId="21E2B905-6FDB-470d-8517-AD69B4C01268" Sequence="20" Area="Info">
                    <Privileges>
                      <Privilege Entity="" Privilege="ReadActivity" />
                    </Privileges>
                    <Titles>
                      <Title LCID="1033" Text="Closed Activities" />
                    </Titles>
                  </NavBarByRelationshipItem>
                </NavBar>
                <NavBarAreas>
                  <NavBarArea Id="Info">
                    <Titles>
                      <Title LCID="1033" Text="Common" />
                    </Titles>
                  </NavBarArea>
                  <NavBarArea Id="Sales">
                    <Titles>
                      <Title LCID="1033" Text="Sales" />
                    </Titles>
                  </NavBarArea>
                  <NavBarArea Id="Service">
                    <Titles>
                      <Title LCID="1033" Text="Service" />
                    </Titles>
                  </NavBarArea>
                  <NavBarArea Id="Marketing">
                    <Titles>
                      <Title LCID="1033" Text="Marketing" />
                    </Titles>
                  </NavBarArea>
                  <NavBarArea Id="ProcessCenter">
                    <Titles>
                      <Title LCID="1033" Text="Process Sessions" />
                    </Titles>
                  </NavBarArea>
                </NavBarAreas>
              </Navigation>
              <formparameters>
                <querystringparameter name="k2_sn" type="SafeString" />
              </formparameters>
              <formLibraries>
                <Library name="k2_K2.Demo.CRM.Utilities" libraryUniqueId="{32b606bb-c9a0-0cbc-0db1-1a7beb774547}" />
                <Library name="k2_K2.Demo.CRM.K2Forms2013" libraryUniqueId="{18a50343-275d-33c5-3788-e63e47773107}" />
              </formLibraries>
              <DisplayConditions FallbackForm="true" Order="2">
                <Everyone />
              </DisplayConditions>
            </form>
            <LocalizedNames>
              <LocalizedName description="Case" languagecode="1033" />
            </LocalizedNames>
            <Descriptions>
              <Description description="Updated default Case form." languagecode="1033" />
            </Descriptions>
          </systemform>
          <systemform>
            <formid>{f658c846-f74c-459b-b591-b97558958106}</formid>
            <IntroducedVersion>5.0.0.0</IntroducedVersion>
            <FormPresentation>0</FormPresentation>
            <FormActivationState>0</FormActivationState>
            <form enablerelatedinformation="true">
              <tabs>
                <tab name="tab_recordwall" id="{e94e6ac4-12db-bc8c-ec81-8b20c5987655}" IsUserDefined="0" locklevel="0" showlabel="true" expanded="false" labelid="{c2bed0ed-6563-4af2-844b-b61e23b1a151}">
                  <labels>
                    <label description="What's New" languagecode="1033" />
                  </labels>
                  <columns>
                    <column width="100%">
                      <sections>
                        <section name="tab_recordwall_section_1" showlabel="false" showbar="false" locklevel="0" id="{ac0addcc-a626-6c98-40ee-b11edac36204}" IsUserDefined="0" layout="varwidth" columns="1" labelwidth="115" celllabelalignment="Left" celllabelposition="Left" labelid="{ffe865c7-2f05-46c5-95e7-7b24bea508e4}">
                          <labels>
                            <label description="Section" languagecode="1033" />
                          </labels>
                          <rows>
                            <row>
                              <cell id="{be13b312-b6ac-83d7-34e1-e90dc1ecbec7}" showlabel="false" colspan="1" auto="false" rowspan="15" labelid="{8ee9779e-67e5-421a-824f-b581481e8496}">
                                <labels>
                                  <label description="RecordWall" languagecode="1033" />
                                </labels>
                                <control id="WebResource_RecordWall" classid="{9FDF5F91-88B1-47f4-AD53-C11EFC01A01D}">
                                  <parameters>
                                    <Url>msdyn_/RecordWall.htm</Url>
                                    <PassParameters>true</PassParameters>
                                    <Security>false</Security>
                                    <Scrolling>auto</Scrolling>
                                    <Border>false</Border>
                                  </parameters>
                                </control>
                                <events>
                                  <event name="onload" application="0">
                                    <dependencies />
                                  </event>
                                </events>
                              </cell>
                            </row>
                            <row />
                            <row />
                            <row />
                            <row />
                            <row />
                            <row />
                            <row />
                            <row />
                            <row />
                            <row />
                            <row />
                            <row />
                            <row />
                            <row />
                          </rows>
                        </section>
                      </sections>
                    </column>
                  </columns>
                  <events>
                    <event name="tabstatechange" application="false" active="false">
                      <Handlers>
                        <Handler functionName="ActivityFeeds.Form.CustomizationUtils.updateRecordWallRenderingState" libraryName="msdyn_/ActivityFeeds.Form.js" handlerUniqueId="{9beb6ce6-2666-8033-a406-3d68d44b9592}" enabled="true" parameters="" passExecutionContext="true" />
                      </Handlers>
                    </event>
                  </events>
                </tab>
                <tab name="general" verticallayout="true" id="{06a2992a-9cc9-41a5-8f37-d2b2214fdde1}" IsUserDefined="0">
                  <labels>
                    <label description="General" languagecode="1033" />
                  </labels>
                  <columns>
                    <column width="100%">
                      <sections>
                        <section name="overview" showlabel="true" showbar="true" id="{51999b68-4b4c-439b-bb51-1b49edae03a9}" IsUserDefined="0">
                          <labels>
                            <label description="Overview" languagecode="1033" />
                          </labels>
                          <rows>
                            <row>
                              <cell colspan="2" id="{7aebc69c-c3bb-4489-a1f2-9faf3c8b363c}">
                                <labels>
                                  <label description="Case Title" languagecode="1033" />
                                </labels>
                                <control id="title" classid="{4273EDBD-AC1D-40d3-9FB2-095C621B552D}" datafieldname="title" />
                              </cell>
                            </row>
                            <row>
                              <cell auto="false" showlabel="true" locklevel="0" rowspan="1" colspan="2" id="{82172fc9-a003-4203-87e6-73c8808ae942}">
                                <labels>
                                  <label description="Customer" languagecode="1033" />
                                </labels>
                                <control id="customerid" classid="{270BD3DB-D9AF-4782-9025-509E298DEC0A}" datafieldname="customerid" disabled="false" />
                              </cell>
                            </row>
                            <row>
                              <cell id="{a9859c32-0cdc-41b5-8e7e-3eb173cab4a8}">
                                <labels>
                                  <label description="Subject" languagecode="1033" />
                                </labels>
                                <control id="subjectid" classid="{270BD3DB-D9AF-4782-9025-509E298DEC0A}" datafieldname="subjectid" />
                              </cell>
                              <cell auto="false" showlabel="true" locklevel="0" rowspan="1" colspan="1" id="{7f21a1bc-48b1-4423-860b-0efa5cfa7712}">
                                <labels>
                                  <label description="Case Type" languagecode="1033" />
                                </labels>
                                <control id="casetypecode" classid="{3EF39988-22BB-4f0b-BBBE-64B5A3748AEE}" datafieldname="casetypecode" disabled="false" />
                              </cell>
                            </row>
                            <row>
                              <cell auto="false" showlabel="true" locklevel="0" rowspan="1" colspan="1" id="{0653f522-18a7-41d4-a1ae-56164cb8b300}">
                                <labels>
                                  <label description="Case Origin" languagecode="1033" />
                                </labels>
                                <control id="caseorigincode" classid="{3EF39988-22BB-4f0b-BBBE-64B5A3748AEE}" datafieldname="caseorigincode" disabled="false" />
                              </cell>
                              <cell auto="false" showlabel="true" locklevel="0" rowspan="1" colspan="1" id="{504fce47-f175-41d7-a747-27a0c9963acc}">
                                <labels>
                                  <label description="Satisfaction" languagecode="1033" />
                                </labels>
                                <control id="customersatisfactioncode" classid="{3EF39988-22BB-4f0b-BBBE-64B5A3748AEE}" datafieldname="customersatisfactioncode" disabled="false" />
                              </cell>
                            </row>
                          </rows>
                        </section>
                        <section name="assignment information" showlabel="true" showbar="true" id="{34d53885-5bbb-4711-a9ab-1b55928fd020}" IsUserDefined="0">
                          <labels>
                            <label description="Assignment Information" languagecode="1033" />
                          </labels>
                          <rows>
                            <row>
                              <cell id="{dae3e345-a070-4428-be90-ab0a926ca354}">
                                <labels>
                                  <label description="Owner" languagecode="1033" />
                                </labels>
                                <control id="ownerid" classid="{270BD3DB-D9AF-4782-9025-509E298DEC0A}" datafieldname="ownerid" />
                              </cell>
                              <cell id="{4a23dbed-e8cc-4a80-b63c-91e40968a6ec}">
                                <labels>
                                  <label description="Status Reason" languagecode="1033" />
                                </labels>
                                <control id="statuscode" classid="{5D68B988-0661-4db2-BC3E-17598AD3BE6C}" datafieldname="statuscode" />
                              </cell>
                            </row>
                            <row>
                              <cell auto="false" showlabel="true" locklevel="0" rowspan="1" colspan="1" id="{4e5d56cd-eb6a-4ec5-9ac2-499a90f87cf5}">
                                <labels>
                                  <label description="Follow Up By" languagecode="1033" />
                                </labels>
                                <control id="followupby" classid="{5B773807-9FB2-42db-97C3-7A91EFF8ADFF}" datafieldname="followupby" disabled="false" />
                              </cell>
                              <cell auto="false" showlabel="true" locklevel="0" rowspan="1" colspan="1" id="{4887a827-87a9-47ac-8cff-84aa1336649d}">
                                <labels>
                                  <label description="Priority" languagecode="1033" />
                                </labels>
                                <control id="prioritycode" classid="{3EF39988-22BB-4f0b-BBBE-64B5A3748AEE}" datafieldname="prioritycode" disabled="false" />
                              </cell>
                            </row>
                          </rows>
                        </section>
                        <section name="contract and product information" showlabel="true" showbar="true" id="{af10583d-3e30-4e24-9e5d-d2a84638abe2}" IsUserDefined="0" locklevel="0">
                          <labels>
                            <label description="Contract and Product Information" languagecode="1033" />
                          </labels>
                          <rows>
                            <row>
                              <cell id="{e0d2da00-1940-41ec-a875-80032bfd503a}">
                                <labels>
                                  <label description="Contract" languagecode="1033" />
                                </labels>
                                <events>
                                  <event name="onclick" application="true" active="true">
                                    <InternalHandlers>
                                      <Handler functionName="Mscrm.contractid_onclick" libraryName="Incident_main_system_library.js" handlerUniqueId="87f2b857-dbc6-4f77-aca1-7c0ece5f7397" enabled="true">
                                        <dependencies>
                                          <dependency id="customerid" />
                                        </dependencies>
                                      </Handler>
                                    </InternalHandlers>
                                  </event>
                                  <event name="setadditionalparams" application="true" active="true">
                                    <InternalHandlers>
                                      <Handler functionName="Mscrm.contractid_setadditionalparams" libraryName="Incident_main_system_library.js" handlerUniqueId="9566a6fa-17cb-4167-a063-ced0202c8dbd" enabled="true" passExecutionContext="true">
                                        <dependencies>
                                          <dependency id="customerid" />
                                        </dependencies>
                                      </Handler>
                                    </InternalHandlers>
                                  </event>
                                </events>
                                <control id="contractid" classid="{270BD3DB-D9AF-4782-9025-509E298DEC0A}" datafieldname="contractid">
                                  <parameters>
                                    <IsInlineNewEnabled>false</IsInlineNewEnabled>
                                    <DefaultViewId>{646DE3EE-EBFB-4d19-8A44-4A619505E188}</DefaultViewId>
                                  </parameters>
                                </control>
                              </cell>
                              <cell auto="false" showlabel="true" locklevel="0" rowspan="1" id="{be75eccd-45f3-4b40-95a5-69551b1e453a}">
                                <labels>
                                  <label description="Product" languagecode="1033" />
                                </labels>
                                <control id="productid" classid="{270BD3DB-D9AF-4782-9025-509E298DEC0A}" datafieldname="productid" disabled="false">
                                  <parameters>
                                    <IsInlineNewEnabled>false</IsInlineNewEnabled>
                                  </parameters>
                                </control>
                              </cell>
                            </row>
                            <row>
                              <cell id="{05ad2293-47dc-4119-a655-4a317a1a7838}">
                                <labels>
                                  <label description="Contract Line" languagecode="1033" />
                                </labels>
                                <events>
                                  <event name="onclick" application="true" active="true">
                                    <InternalHandlers>
                                      <Handler functionName="Mscrm.contractdetailid_onclick" libraryName="Incident_main_system_library.js" handlerUniqueId="67b91487-9411-4619-8f6f-3e5363a99cdb" enabled="true">
                                        <dependencies>
                                          <dependency id="contractid" />
                                        </dependencies>
                                      </Handler>
                                    </InternalHandlers>
                                  </event>
                                </events>
                                <control id="contractdetailid" classid="{270BD3DB-D9AF-4782-9025-509E298DEC0A}" datafieldname="contractdetailid">
                                  <parameters>
                                    <FilterRelationshipName>contract_line_items</FilterRelationshipName>
                                    <DependentAttributeName>incident.contractid</DependentAttributeName>
                                    <DependentAttributeType>contract</DependentAttributeType>
                                    <DefaultViewId>{8FA2705C-7E4C-4c0e-B611-4593B35A4C9E}</DefaultViewId>
                                    <IsInlineNewEnabled>false</IsInlineNewEnabled>
                                    <AllowFilterOff>true</AllowFilterOff>
                                  </parameters>
                                </control>
                              </cell>
                              <cell auto="false" showlabel="true" locklevel="0" rowspan="1" id="{84b93c76-6856-4ab9-ad6a-173c86e9685e}">
                                <labels>
                                  <label description="Serial Number" languagecode="1033" />
                                </labels>
                                <control id="productserialnumber" classid="{4273EDBD-AC1D-40d3-9FB2-095C621B552D}" datafieldname="productserialnumber" disabled="false" />
                              </cell>
                            </row>
                            <row>
                              <cell auto="false" showlabel="true" locklevel="0" rowspan="1" colspan="1" id="{fe76512f-1e10-41e0-bf1b-abc9433d861c}">
                                <labels>
                                  <label description="Service Level" languagecode="1033" />
                                </labels>
                                <control id="contractservicelevelcode" classid="{3EF39988-22BB-4f0b-BBBE-64B5A3748AEE}" datafieldname="contractservicelevelcode" disabled="false" />
                              </cell>
                              <cell id="{45b0b358-578d-4b16-bbd3-981350b17338}">
                                <labels>
                                  <label description="" languagecode="1033" />
                                </labels>
                              </cell>
                            </row>
                          </rows>
                        </section>
                      </sections>
                    </column>
                  </columns>
                </tab>
                <tab name="notesandkb" id="{ecec23bf-2417-4bdc-a019-0a6aca6c2500}" IsUserDefined="0" expanded="false">
                  <labels>
                    <label description="Notes and Article" languagecode="1033" />
                  </labels>
                  <columns>
                    <column width="100%">
                      <sections>
                        <section name="notes" showlabel="true" showbar="true" id="{7147a561-6867-49c1-8914-acac76cb6bbf}" IsUserDefined="0" height="auto">
                          <labels>
                            <label description="Notes" languagecode="1033" />
                          </labels>
                          <rows>
                            <row>
                              <cell colspan="2" showlabel="false" rowspan="5" auto="true" id="{00ca23ab-800f-4c81-b265-6623a9821bfe}">
                                <labels>
                                  <label description="Conversation Tabs" languagecode="1033" />
                                </labels>
                                <control id="notescontrol" classid="{06375649-C143-495E-A496-C962E5B4488E}" />
                              </cell>
                            </row>
                            <row />
                            <row />
                            <row />
                            <row height="auto" />
                          </rows>
                        </section>
                        <section name="kb article" labelwidth="160" showlabel="true" showbar="true" locklevel="1" id="{e7405683-b295-4b3f-8c52-6fdc8b736a9c}" IsUserDefined="0">
                          <labels>
                            <label description="KB ARTICLES" languagecode="1033" />
                          </labels>
                          <rows>
                            <row>
                              <cell colspan="2" id="{5fe36484-a978-4069-b390-fe9400809aaa}">
                                <labels>
                                  <label description="Knowledge Base Article" languagecode="1033" />
                                </labels>
                                <events>
                                  <event name="onshowdialog" application="true" active="true">
                                    <InternalHandlers>
                                      <Handler functionName="Mscrm.kbarticleid_onshowdialog" libraryName="Incident_main_system_library.js" handlerUniqueId="ce03893e-6980-45de-9f21-b1582c9dc936" enabled="true" passExecutionContext="true" />
                                    </InternalHandlers>
                                  </event>
                                </events>
                                <control id="kbarticleid" classid="{270BD3DB-D9AF-4782-9025-509E298DEC0A}" datafieldname="kbarticleid">
                                  <parameters>
                                    <IsInlineNewEnabled>false</IsInlineNewEnabled>
                                  </parameters>
                                </control>
                              </cell>
                            </row>
                            <row>
                              <cell colspan="2" showlabel="false" rowspan="2" id="{cd51ce63-1e6c-453f-95db-ffaaa477984f}">
                                <labels>
                                  <label description="KB Viewer" languagecode="1033" />
                                </labels>
                                <control id="kbviewer" classid="{a62b6fa9-169e-406c-b1aa-eab828cb6026}" />
                              </cell>
                            </row>
                            <row height="auto" />
                          </rows>
                        </section>
                      </sections>
                    </column>
                  </columns>
                </tab>
              </tabs>
              <events>
                <event name="onload" application="true" active="true">
                  <InternalHandlers>
                    <Handler functionName="Mscrm.Form_onload" libraryName="Incident_main_system_library.js" handlerUniqueId="1b5e628c-097e-41dc-a6ab-51fadd5de253" enabled="true">
                      <dependencies>
                        <dependency id="contractid" />
                        <dependency id="contractdetailid" />
                      </dependencies>
                    </Handler>
                  </InternalHandlers>
                </event>
                <event name="onchange" application="true" active="true" attribute="customerid">
                  <InternalHandlers>
                    <Handler functionName="Mscrm.customerid_onchange" libraryName="Incident_main_system_library.js" handlerUniqueId="d806cf5a-b111-40ee-a955-3261d2c7df9b" enabled="true">
                      <dependencies>
                        <dependency id="contractid" />
                        <dependency id="contractdetailid" />
                      </dependencies>
                    </Handler>
                  </InternalHandlers>
                </event>
                <event name="onchange" application="true" active="true" attribute="contractid">
                  <InternalHandlers>
                    <Handler functionName="Mscrm.contractid_onchange" libraryName="Incident_main_system_library.js" handlerUniqueId="1dc4d1d2-2005-45f7-9dba-1e05f7b2da47" enabled="true">
                      <dependencies>
                        <dependency id="contractdetailid" />
                      </dependencies>
                    </Handler>
                  </InternalHandlers>
                </event>
                <event name="onchange" application="true" active="true" attribute="contractdetailid">
                  <InternalHandlers>
                    <Handler functionName="Mscrm.contractdetailid_onchange" libraryName="Incident_main_system_library.js" handlerUniqueId="19563fdc-e3db-4902-ab6c-e50e9ea58ce1" enabled="true">
                      <dependencies>
                        <dependency id="contractid" />
                      </dependencies>
                    </Handler>
                  </InternalHandlers>
                </event>
                <event name="onchange" application="true" active="true" attribute="kbarticleid">
                  <InternalHandlers>
                    <Handler functionName="Mscrm.kbarticleid_onchange" libraryName="Incident_main_system_library.js" handlerUniqueId="ce637d74-526a-411b-8e4b-604f112ad7b5" enabled="true" />
                  </InternalHandlers>
                </event>
              </events>
              <clientresources>
                <internalresources>
                  <clientincludes>
                    <internalcssfile src="/_tree/tree.css.aspx" />
                    <internaljscriptfile src="$webresource:Incident_main_system_library.js" />
                  </clientincludes>
                </internalresources>
              </clientresources>
              <Navigation>
                <NavBar>
                  <NavBarByRelationshipItem RelationshipName="Incident_ActivityPointers" Id="navActivities" Icon="/_imgs/ico_18_act.gif">
                    <Privileges>
                      <Privilege Entity="" Privilege="ReadActivity" />
                    </Privileges>
                  </NavBarByRelationshipItem>
                  <NavBarByRelationshipItem RelationshipName="Incident_ActivityPointers" Id="navActivityHistory" TitleResourceId="Tab_Label_History" Icon="/_imgs/ico_18_history.gif" ViewId="21E2B905-6FDB-470d-8517-AD69B4C01268" Sequence="20">
                    <Privileges>
                      <Privilege Entity="" Privilege="ReadActivity" />
                    </Privileges>
                  </NavBarByRelationshipItem>
                </NavBar>
              </Navigation>
              <formLibraries>
                <Library name="msdyn_/ActivityFeeds.Form.js" libraryUniqueId="{4181da4c-6d13-ba3c-c859-be404e4ee2e3}" />
              </formLibraries>
            </form>
            <LocalizedNames>
              <LocalizedName description="Information" languagecode="1033" />
            </LocalizedNames>
            <Descriptions>
              <Description description="A form for this entity." languagecode="1033" />
            </Descriptions>
          </systemform>
        </forms>
      </FormXml>
      <RibbonDiffXml>
        <CustomActions />
        <Templates>
          <RibbonTemplates Id="Mscrm.Templates"></RibbonTemplates>
        </Templates>
        <CommandDefinitions />
        <RuleDefinitions>
          <TabDisplayRules />
          <DisplayRules />
          <EnableRules />
        </RuleDefinitions>
        <LocLabels />
      </RibbonDiffXml>
    </Entity>
  </Entities>
  <Roles></Roles>
  <Workflows>
    <Workflow WorkflowId="{a83ffbe3-a62e-4eb8-a692-cb045789ce81}" Name="Review Case">
      <XamlFileName>/Workflows/ReviewCase-A83FFBE3-A62E-4EB8-A692-CB045789CE81.xaml</XamlFileName>
      <Type>1</Type>
      <Subprocess>0</Subprocess>
      <Category>0</Category>
      <Mode>0</Mode>
      <Scope>4</Scope>
      <OnDemand>1</OnDemand>
      <TriggerOnCreate>0</TriggerOnCreate>
      <TriggerOnDelete>0</TriggerOnDelete>
      <AsyncAutodelete>1</AsyncAutodelete>
      <SyncWorkflowLogOnFailure>0</SyncWorkflowLogOnFailure>
      <StateCode>1</StateCode>
      <StatusCode>2</StatusCode>
      <RunAs>1</RunAs>
      <IsTransacted>1</IsTransacted>
      <IntroducedVersion>1.0</IntroducedVersion>
      <IsCustomizable>1</IsCustomizable>
      <PrimaryEntity>Incident</PrimaryEntity>
    </Workflow>
  </Workflows>
  <FieldSecurityProfiles></FieldSecurityProfiles>
  <Templates />
  <EntityMaps />
  <EntityRelationships>
    <EntityRelationship Name="Incident_ActivityPointers">
      <EntityRelationshipType>OneToMany</EntityRelationshipType>
      <IntroducedVersion>5.0.0.0</IntroducedVersion>
      <ReferencingEntityName>ActivityPointer</ReferencingEntityName>
      <ReferencedEntityName>Incident</ReferencedEntityName>
      <CascadeAssign>NoCascade</CascadeAssign>
      <CascadeDelete>RemoveLink</CascadeDelete>
      <CascadeReparent>NoCascade</CascadeReparent>
      <CascadeShare>NoCascade</CascadeShare>
      <CascadeUnshare>NoCascade</CascadeUnshare>
      <ReferencingAttributeName>RegardingObjectId</ReferencingAttributeName>
      <RelationshipDescription>
        <Descriptions>
          <Description description="Unique identifier of the object with which the activity is associated." languagecode="1033" />
        </Descriptions>
      </RelationshipDescription>
      <field name="regardingobjectid" requiredlevel="none" imemode="auto" lookupstyle="single" lookupbrowse="0" format="regarding">
        <IsSecured>0</IsSecured>
        <DisplayMask>ValidForAdvancedFind|ValidForForm|ValidForGrid</DisplayMask>
        <IsAuditEnabled>1</IsAuditEnabled>
        <displaynames>
          <displayname description="Regarding" languagecode="1033" />
        </displaynames>
      </field>
      <EntityRelationshipRoles>
        <EntityRelationshipRole>
          <NavPaneDisplayOption>UseCollectionName</NavPaneDisplayOption>
          <NavPaneArea>Details</NavPaneArea>
          <NavPaneOrder>10</NavPaneOrder>
        </EntityRelationshipRole>
      </EntityRelationshipRoles>
    </EntityRelationship>
    <EntityRelationship Name="Incident_Annotation">
      <EntityRelationshipType>OneToMany</EntityRelationshipType>
      <IntroducedVersion>5.0.0.0</IntroducedVersion>
      <ReferencingEntityName>Annotation</ReferencingEntityName>
      <ReferencedEntityName>Incident</ReferencedEntityName>
      <CascadeAssign>Cascade</CascadeAssign>
      <CascadeDelete>Cascade</CascadeDelete>
      <CascadeReparent>Cascade</CascadeReparent>
      <CascadeShare>Cascade</CascadeShare>
      <CascadeUnshare>Cascade</CascadeUnshare>
      <ReferencingAttributeName>ObjectId</ReferencingAttributeName>
      <RelationshipDescription>
        <Descriptions>
          <Description description="Unique identifier of the object with which the note is associated." languagecode="1033" />
        </Descriptions>
      </RelationshipDescription>
      <field name="objectid" requiredlevel="none" imemode="auto" lookupstyle="single" lookupbrowse="0">
        <IsSecured>0</IsSecured>
        <IsAuditEnabled>1</IsAuditEnabled>
        <displaynames>
          <displayname description="Regarding" languagecode="1033" />
        </displaynames>
      </field>
    </EntityRelationship>
    <EntityRelationship Name="Incident_Appointments">
      <EntityRelationshipType>OneToMany</EntityRelationshipType>
      <IntroducedVersion>5.0.0.0</IntroducedVersion>
      <ReferencingEntityName>Appointment</ReferencingEntityName>
      <ReferencedEntityName>Incident</ReferencedEntityName>
      <CascadeAssign>Cascade</CascadeAssign>
      <CascadeDelete>Cascade</CascadeDelete>
      <CascadeReparent>Cascade</CascadeReparent>
      <CascadeShare>Cascade</CascadeShare>
      <CascadeUnshare>Cascade</CascadeUnshare>
      <ReferencingAttributeName>RegardingObjectId</ReferencingAttributeName>
      <RelationshipDescription>
        <Descriptions>
          <Description description="Unique identifier of the object with which the appointment is associated." languagecode="1033" />
        </Descriptions>
      </RelationshipDescription>
      <field name="regardingobjectid" requiredlevel="none" imemode="auto" lookupstyle="single" lookupbrowse="0" format="regarding">
        <IsSecured>0</IsSecured>
        <DisplayMask>ValidForAdvancedFind|ValidForForm|ValidForGrid</DisplayMask>
        <IsAuditEnabled>1</IsAuditEnabled>
        <displaynames>
          <displayname description="Regarding" languagecode="1033" />
        </displaynames>
      </field>
    </EntityRelationship>
    <EntityRelationship Name="Incident_AsyncOperations">
      <EntityRelationshipType>OneToMany</EntityRelationshipType>
      <IntroducedVersion>5.0.0.0</IntroducedVersion>
      <ReferencingEntityName>AsyncOperation</ReferencingEntityName>
      <ReferencedEntityName>Incident</ReferencedEntityName>
      <CascadeAssign>NoCascade</CascadeAssign>
      <CascadeDelete>NoCascade</CascadeDelete>
      <CascadeReparent>NoCascade</CascadeReparent>
      <CascadeShare>NoCascade</CascadeShare>
      <CascadeUnshare>NoCascade</CascadeUnshare>
      <ReferencingAttributeName>RegardingObjectId</ReferencingAttributeName>
      <RelationshipDescription>
        <Descriptions>
          <Description description="Unique identifier of the object with which the system job is associated." languagecode="1033" />
        </Descriptions>
      </RelationshipDescription>
      <field name="regardingobjectid" requiredlevel="none" imemode="auto" lookupstyle="single" lookupbrowse="0" format="regarding">
        <IsSecured>0</IsSecured>
        <DisplayMask>ValidForAdvancedFind|ValidForForm|ValidForGrid</DisplayMask>
        <IsAuditEnabled>1</IsAuditEnabled>
        <displaynames>
          <displayname description="Regarding" languagecode="1033" />
        </displaynames>
      </field>
    </EntityRelationship>
    <EntityRelationship Name="Incident_BulkDeleteFailures">
      <EntityRelationshipType>OneToMany</EntityRelationshipType>
      <IntroducedVersion>5.0.0.0</IntroducedVersion>
      <ReferencingEntityName>BulkDeleteFailure</ReferencingEntityName>
      <ReferencedEntityName>Incident</ReferencedEntityName>
      <CascadeAssign>NoCascade</CascadeAssign>
      <CascadeDelete>Cascade</CascadeDelete>
      <CascadeReparent>NoCascade</CascadeReparent>
      <CascadeShare>NoCascade</CascadeShare>
      <CascadeUnshare>NoCascade</CascadeUnshare>
      <ReferencingAttributeName>RegardingObjectId</ReferencingAttributeName>
      <RelationshipDescription>
        <Descriptions>
          <Description description="Unique identifier of the record that can not be deleted." languagecode="1033" />
        </Descriptions>
      </RelationshipDescription>
      <field name="regardingobjectid" requiredlevel="none" imemode="auto" lookupstyle="single" lookupbrowse="0" format="regarding">
        <IsSecured>0</IsSecured>
        <DisplayMask>ValidForAdvancedFind|ValidForForm|ValidForGrid</DisplayMask>
        <IsAuditEnabled>1</IsAuditEnabled>
        <displaynames>
          <displayname description="Name" languagecode="1033" />
        </displaynames>
      </field>
    </EntityRelationship>
    <EntityRelationship Name="incident_connections1">
      <EntityRelationshipType>OneToMany</EntityRelationshipType>
      <IntroducedVersion>5.0.0.0</IntroducedVersion>
      <ReferencingEntityName>Connection</ReferencingEntityName>
      <ReferencedEntityName>Incident</ReferencedEntityName>
      <CascadeAssign>NoCascade</CascadeAssign>
      <CascadeDelete>Cascade</CascadeDelete>
      <CascadeReparent>NoCascade</CascadeReparent>
      <CascadeShare>NoCascade</CascadeShare>
      <CascadeUnshare>NoCascade</CascadeUnshare>
      <ReferencingAttributeName>Record1Id</ReferencingAttributeName>
      <RelationshipDescription>
        <Descriptions>
          <Description description="Unique identifier of the source record." languagecode="1033" />
        </Descriptions>
      </RelationshipDescription>
      <field name="record1id" requiredlevel="none" imemode="auto" lookupstyle="single" lookupbrowse="0" format="connection">
        <IsSecured>0</IsSecured>
        <DisplayMask>ValidForAdvancedFind|ValidForForm|ValidForGrid|RequiredForForm</DisplayMask>
        <IsAuditEnabled>1</IsAuditEnabled>
        <displaynames>
          <displayname description="Connected From" languagecode="1033" />
        </displaynames>
      </field>
    </EntityRelationship>
    <EntityRelationship Name="incident_connections2">
      <EntityRelationshipType>OneToMany</EntityRelationshipType>
      <IntroducedVersion>5.0.0.0</IntroducedVersion>
      <ReferencingEntityName>Connection</ReferencingEntityName>
      <ReferencedEntityName>Incident</ReferencedEntityName>
      <CascadeAssign>NoCascade</CascadeAssign>
      <CascadeDelete>Cascade</CascadeDelete>
      <CascadeReparent>NoCascade</CascadeReparent>
      <CascadeShare>NoCascade</CascadeShare>
      <CascadeUnshare>NoCascade</CascadeUnshare>
      <ReferencingAttributeName>Record2Id</ReferencingAttributeName>
      <RelationshipDescription>
        <Descriptions>
          <Description description="Unique identifier of the target record." languagecode="1033" />
        </Descriptions>
      </RelationshipDescription>
      <field name="record2id" requiredlevel="none" imemode="auto" lookupstyle="single" lookupbrowse="0" format="connection">
        <IsSecured>0</IsSecured>
        <DisplayMask>ValidForAdvancedFind|ValidForForm|ValidForGrid|RequiredForForm</DisplayMask>
        <IsAuditEnabled>1</IsAuditEnabled>
        <displaynames>
          <displayname description="Connected To" languagecode="1033" />
        </displaynames>
      </field>
    </EntityRelationship>
    <EntityRelationship Name="Incident_DuplicateBaseRecord">
      <EntityRelationshipType>OneToMany</EntityRelationshipType>
      <IntroducedVersion>5.0.0.0</IntroducedVersion>
      <ReferencingEntityName>DuplicateRecord</ReferencingEntityName>
      <ReferencedEntityName>Incident</ReferencedEntityName>
      <CascadeAssign>NoCascade</CascadeAssign>
      <CascadeDelete>Cascade</CascadeDelete>
      <CascadeReparent>NoCascade</CascadeReparent>
      <CascadeShare>NoCascade</CascadeShare>
      <CascadeUnshare>NoCascade</CascadeUnshare>
      <ReferencingAttributeName>BaseRecordId</ReferencingAttributeName>
      <RelationshipDescription>
        <Descriptions>
          <Description description="Unique identifier of the base record." languagecode="1033" />
        </Descriptions>
      </RelationshipDescription>
      <field name="baserecordid" requiredlevel="none" imemode="auto" lookupstyle="single" lookupbrowse="0">
        <IsSecured>0</IsSecured>
        <DisplayMask>ValidForAdvancedFind|ValidForForm|ValidForGrid</DisplayMask>
        <IsAuditEnabled>1</IsAuditEnabled>
        <displaynames>
          <displayname description="Base Record ID" languagecode="1033" />
        </displaynames>
      </field>
    </EntityRelationship>
    <EntityRelationship Name="Incident_DuplicateMatchingRecord">
      <EntityRelationshipType>OneToMany</EntityRelationshipType>
      <IntroducedVersion>5.0.0.0</IntroducedVersion>
      <ReferencingEntityName>DuplicateRecord</ReferencingEntityName>
      <ReferencedEntityName>Incident</ReferencedEntityName>
      <CascadeAssign>NoCascade</CascadeAssign>
      <CascadeDelete>Cascade</CascadeDelete>
      <CascadeReparent>NoCascade</CascadeReparent>
      <CascadeShare>NoCascade</CascadeShare>
      <CascadeUnshare>NoCascade</CascadeUnshare>
      <ReferencingAttributeName>DuplicateRecordId</ReferencingAttributeName>
      <RelationshipDescription>
        <Descriptions>
          <Description description="Unique identifier of the potential duplicate record." languagecode="1033" />
        </Descriptions>
      </RelationshipDescription>
      <field name="duplicaterecordid" requiredlevel="none" imemode="auto" lookupstyle="single" lookupbrowse="0">
        <IsSecured>0</IsSecured>
        <DisplayMask>ValidForAdvancedFind|ValidForForm|ValidForGrid</DisplayMask>
        <IsAuditEnabled>1</IsAuditEnabled>
        <displaynames>
          <displayname description="Duplicate Record ID" languagecode="1033" />
        </displaynames>
      </field>
    </EntityRelationship>
    <EntityRelationship Name="Incident_Emails">
      <EntityRelationshipType>OneToMany</EntityRelationshipType>
      <IntroducedVersion>5.0.0.0</IntroducedVersion>
      <ReferencingEntityName>Email</ReferencingEntityName>
      <ReferencedEntityName>Incident</ReferencedEntityName>
      <CascadeAssign>Cascade</CascadeAssign>
      <CascadeDelete>Cascade</CascadeDelete>
      <CascadeReparent>Cascade</CascadeReparent>
      <CascadeShare>Cascade</CascadeShare>
      <CascadeUnshare>Cascade</CascadeUnshare>
      <ReferencingAttributeName>RegardingObjectId</ReferencingAttributeName>
      <RelationshipDescription>
        <Descriptions>
          <Description description="Unique identifier of the object with which the e-mail is associated." languagecode="1033" />
        </Descriptions>
      </RelationshipDescription>
      <field name="regardingobjectid" requiredlevel="none" imemode="auto" lookupstyle="single" lookupbrowse="0" format="regarding">
        <IsSecured>0</IsSecured>
        <DisplayMask>ValidForAdvancedFind|ValidForForm|ValidForGrid|RequiredForForm</DisplayMask>
        <IsAuditEnabled>1</IsAuditEnabled>
        <displaynames>
          <displayname description="Regarding" languagecode="1033" />
        </displaynames>
      </field>
    </EntityRelationship>
    <EntityRelationship Name="Incident_Faxes">
      <EntityRelationshipType>OneToMany</EntityRelationshipType>
      <IntroducedVersion>5.0.0.0</IntroducedVersion>
      <ReferencingEntityName>Fax</ReferencingEntityName>
      <ReferencedEntityName>Incident</ReferencedEntityName>
      <CascadeAssign>Cascade</CascadeAssign>
      <CascadeDelete>Cascade</CascadeDelete>
      <CascadeReparent>Cascade</CascadeReparent>
      <CascadeShare>Cascade</CascadeShare>
      <CascadeUnshare>Cascade</CascadeUnshare>
      <ReferencingAttributeName>RegardingObjectId</ReferencingAttributeName>
      <RelationshipDescription>
        <Descriptions>
          <Description description="Unique identifier of the object with which the fax activity is associated." languagecode="1033" />
        </Descriptions>
      </RelationshipDescription>
      <field name="regardingobjectid" requiredlevel="none" imemode="auto" lookupstyle="single" lookupbrowse="0" format="regarding">
        <IsSecured>0</IsSecured>
        <DisplayMask>ValidForAdvancedFind|ValidForForm|ValidForGrid</DisplayMask>
        <IsAuditEnabled>1</IsAuditEnabled>
        <displaynames>
          <displayname description="Regarding" languagecode="1033" />
        </displaynames>
      </field>
    </EntityRelationship>
    <EntityRelationship Name="Incident_Letters">
      <EntityRelationshipType>OneToMany</EntityRelationshipType>
      <IntroducedVersion>5.0.0.0</IntroducedVersion>
      <ReferencingEntityName>Letter</ReferencingEntityName>
      <ReferencedEntityName>Incident</ReferencedEntityName>
      <CascadeAssign>Cascade</CascadeAssign>
      <CascadeDelete>Cascade</CascadeDelete>
      <CascadeReparent>Cascade</CascadeReparent>
      <CascadeShare>Cascade</CascadeShare>
      <CascadeUnshare>Cascade</CascadeUnshare>
      <ReferencingAttributeName>RegardingObjectId</ReferencingAttributeName>
      <RelationshipDescription>
        <Descriptions>
          <Description description="Unique identifier of the object with which the letter activity is associated." languagecode="1033" />
        </Descriptions>
      </RelationshipDescription>
      <field name="regardingobjectid" requiredlevel="none" imemode="auto" lookupstyle="single" lookupbrowse="0" format="regarding">
        <IsSecured>0</IsSecured>
        <DisplayMask>ValidForAdvancedFind|ValidForForm|ValidForGrid</DisplayMask>
        <IsAuditEnabled>1</IsAuditEnabled>
        <displaynames>
          <displayname description="Regarding" languagecode="1033" />
        </displaynames>
      </field>
    </EntityRelationship>
    <EntityRelationship Name="Incident_Phonecalls">
      <EntityRelationshipType>OneToMany</EntityRelationshipType>
      <IntroducedVersion>5.0.0.0</IntroducedVersion>
      <ReferencingEntityName>PhoneCall</ReferencingEntityName>
      <ReferencedEntityName>Incident</ReferencedEntityName>
      <CascadeAssign>Cascade</CascadeAssign>
      <CascadeDelete>Cascade</CascadeDelete>
      <CascadeReparent>Cascade</CascadeReparent>
      <CascadeShare>Cascade</CascadeShare>
      <CascadeUnshare>Cascade</CascadeUnshare>
      <ReferencingAttributeName>RegardingObjectId</ReferencingAttributeName>
      <RelationshipDescription>
        <Descriptions>
          <Description description="Unique identifier of the object with which the phone call activity is associated." languagecode="1033" />
        </Descriptions>
      </RelationshipDescription>
      <field name="regardingobjectid" requiredlevel="none" imemode="auto" lookupstyle="single" lookupbrowse="0" format="regarding">
        <IsSecured>0</IsSecured>
        <DisplayMask>ValidForAdvancedFind|ValidForForm|ValidForGrid</DisplayMask>
        <IsAuditEnabled>1</IsAuditEnabled>
        <displaynames>
          <displayname description="Regarding" languagecode="1033" />
        </displaynames>
      </field>
    </EntityRelationship>
    <EntityRelationship Name="incident_principalobjectattributeaccess">
      <EntityRelationshipType>OneToMany</EntityRelationshipType>
      <IntroducedVersion>5.0.0.0</IntroducedVersion>
      <ReferencingEntityName>PrincipalObjectAttributeAccess</ReferencingEntityName>
      <ReferencedEntityName>Incident</ReferencedEntityName>
      <CascadeAssign>NoCascade</CascadeAssign>
      <CascadeDelete>Cascade</CascadeDelete>
      <CascadeReparent>NoCascade</CascadeReparent>
      <CascadeShare>NoCascade</CascadeShare>
      <CascadeUnshare>NoCascade</CascadeUnshare>
      <ReferencingAttributeName>ObjectId</ReferencingAttributeName>
      <RelationshipDescription>
        <Descriptions>
          <Description description="Unique identifier of the entity instance with shared secured field" languagecode="1033" />
        </Descriptions>
      </RelationshipDescription>
      <field name="objectid" requiredlevel="systemrequired" imemode="auto" lookupstyle="single" lookupbrowse="0" format="regarding">
        <IsSecured>0</IsSecured>
        <DisplayMask>ValidForForm|ValidForGrid</DisplayMask>
        <IsAuditEnabled>1</IsAuditEnabled>
        <displaynames>
          <displayname description="Entity instance" languagecode="1033" />
        </displaynames>
      </field>
    </EntityRelationship>
    <EntityRelationship Name="Incident_ProcessSessions">
      <EntityRelationshipType>OneToMany</EntityRelationshipType>
      <IntroducedVersion>5.0.0.0</IntroducedVersion>
      <ReferencingEntityName>ProcessSession</ReferencingEntityName>
      <ReferencedEntityName>Incident</ReferencedEntityName>
      <CascadeAssign>NoCascade</CascadeAssign>
      <CascadeDelete>NoCascade</CascadeDelete>
      <CascadeReparent>NoCascade</CascadeReparent>
      <CascadeShare>NoCascade</CascadeShare>
      <CascadeUnshare>NoCascade</CascadeUnshare>
      <ReferencingAttributeName>RegardingObjectId</ReferencingAttributeName>
      <RelationshipDescription>
        <Descriptions>
          <Description description="Unique identifier of the object with which the dialog session is associated." languagecode="1033" />
        </Descriptions>
      </RelationshipDescription>
      <field name="regardingobjectid" requiredlevel="none" imemode="auto" lookupstyle="single" lookupbrowse="0" format="regarding">
        <IsSecured>0</IsSecured>
        <DisplayMask>ValidForAdvancedFind|ValidForGrid</DisplayMask>
        <IsAuditEnabled>1</IsAuditEnabled>
        <displaynames>
          <displayname description="Regarding" languagecode="1033" />
        </displaynames>
      </field>
    </EntityRelationship>
    <EntityRelationship Name="Incident_RecurringAppointmentMasters">
      <EntityRelationshipType>OneToMany</EntityRelationshipType>
      <IntroducedVersion>5.0.0.0</IntroducedVersion>
      <ReferencingEntityName>RecurringAppointmentMaster</ReferencingEntityName>
      <ReferencedEntityName>Incident</ReferencedEntityName>
      <CascadeAssign>Cascade</CascadeAssign>
      <CascadeDelete>Cascade</CascadeDelete>
      <CascadeReparent>Cascade</CascadeReparent>
      <CascadeShare>Cascade</CascadeShare>
      <CascadeUnshare>Cascade</CascadeUnshare>
      <ReferencingAttributeName>RegardingObjectId</ReferencingAttributeName>
      <RelationshipDescription>
        <Descriptions>
          <Description description="Unique identifier of the object with which the recurring appointment series is associated." languagecode="1033" />
        </Descriptions>
      </RelationshipDescription>
      <field name="regardingobjectid" requiredlevel="none" imemode="auto" lookupstyle="single" lookupbrowse="0" format="regarding">
        <IsSecured>0</IsSecured>
        <DisplayMask>ValidForAdvancedFind|ValidForForm|ValidForGrid</DisplayMask>
        <IsAuditEnabled>1</IsAuditEnabled>
        <displaynames>
          <displayname description="Regarding" languagecode="1033" />
        </displaynames>
      </field>
    </EntityRelationship>
    <EntityRelationship Name="Incident_ServiceAppointments">
      <EntityRelationshipType>OneToMany</EntityRelationshipType>
      <IntroducedVersion>5.0.0.0</IntroducedVersion>
      <ReferencingEntityName>ServiceAppointment</ReferencingEntityName>
      <ReferencedEntityName>Incident</ReferencedEntityName>
      <CascadeAssign>Cascade</CascadeAssign>
      <CascadeDelete>RemoveLink</CascadeDelete>
      <CascadeReparent>Cascade</CascadeReparent>
      <CascadeShare>Cascade</CascadeShare>
      <CascadeUnshare>Cascade</CascadeUnshare>
      <ReferencingAttributeName>RegardingObjectId</ReferencingAttributeName>
      <RelationshipDescription>
        <Descriptions>
          <Description description="Unique identifier of the object with which the service activity is associated." languagecode="1033" />
        </Descriptions>
      </RelationshipDescription>
      <field name="regardingobjectid" requiredlevel="none" imemode="auto" lookupstyle="single" lookupbrowse="0" format="regarding">
        <IsSecured>0</IsSecured>
        <DisplayMask>ValidForAdvancedFind|ValidForForm|ValidForGrid</DisplayMask>
        <IsAuditEnabled>1</IsAuditEnabled>
        <displaynames>
          <displayname description="Regarding" languagecode="1033" />
        </displaynames>
      </field>
    </EntityRelationship>
    <EntityRelationship Name="Incident_Tasks">
      <EntityRelationshipType>OneToMany</EntityRelationshipType>
      <IntroducedVersion>5.0.0.0</IntroducedVersion>
      <ReferencingEntityName>Task</ReferencingEntityName>
      <ReferencedEntityName>Incident</ReferencedEntityName>
      <CascadeAssign>Cascade</CascadeAssign>
      <CascadeDelete>Cascade</CascadeDelete>
      <CascadeReparent>Cascade</CascadeReparent>
      <CascadeShare>Cascade</CascadeShare>
      <CascadeUnshare>Cascade</CascadeUnshare>
      <ReferencingAttributeName>RegardingObjectId</ReferencingAttributeName>
      <RelationshipDescription>
        <Descriptions>
          <Description description="Unique identifier of the object with which the task is associated." languagecode="1033" />
        </Descriptions>
      </RelationshipDescription>
      <field name="regardingobjectid" requiredlevel="none" imemode="auto" lookupstyle="single" lookupbrowse="0" format="regarding">
        <IsSecured>0</IsSecured>
        <DisplayMask>ValidForAdvancedFind|ValidForForm|ValidForGrid</DisplayMask>
        <IsAuditEnabled>1</IsAuditEnabled>
        <displaynames>
          <displayname description="Regarding" languagecode="1033" />
        </displaynames>
      </field>
    </EntityRelationship>
    <EntityRelationship Name="userentityinstancedata_incident">
      <EntityRelationshipType>OneToMany</EntityRelationshipType>
      <IntroducedVersion>5.0.0.0</IntroducedVersion>
      <ReferencingEntityName>UserEntityInstanceData</ReferencingEntityName>
      <ReferencedEntityName>Incident</ReferencedEntityName>
      <CascadeAssign>NoCascade</CascadeAssign>
      <CascadeDelete>Cascade</CascadeDelete>
      <CascadeReparent>NoCascade</CascadeReparent>
      <CascadeShare>NoCascade</CascadeShare>
      <CascadeUnshare>NoCascade</CascadeUnshare>
      <ReferencingAttributeName>ObjectId</ReferencingAttributeName>
      <RelationshipDescription>
        <Descriptions>
          <Description description="Unique identifier of the source record." languagecode="1033" />
        </Descriptions>
      </RelationshipDescription>
      <field name="objectid" requiredlevel="systemrequired" imemode="auto" lookupstyle="single" lookupbrowse="0">
        <IsSecured>0</IsSecured>
        <DisplayMask>ValidForAdvancedFind|ValidForForm|ValidForGrid|RequiredForForm</DisplayMask>
        <IsAuditEnabled>1</IsAuditEnabled>
        <displaynames>
          <displayname description="Object Id" languagecode="1033" />
        </displaynames>
      </field>
    </EntityRelationship>
  </EntityRelationships>
  <OrganizationSettings />
  <optionsets />
  <Languages>
    <Language>1033</Language>
  </Languages>
</ImportExportXml>